FORMULARIO No.;FECHA DE INSCRIPCIÓN;TIPO DE DOCUMENTO;NÚMERO DE DOCUMENTO;FECHA DE EXPEDICIÓN;PRIMER APELLIDO;SEGUNDO APELLIDO;PRIMER NOMBRE;SEGUNDO NOMBRE;NIVEL DE ESTUDIO;TELÉFONO MÓVIL;CORREO ELECTRONICO;CIUDAD / MUNICIPIO DE RESIDENCIA;DIRECCIÓN Y/O LUGAR DE RESIDEN;TELÉFONO FIJO;LEE BRAILLE;TIPO DE DISCAPACIDAD;ETNIA;A QUE COMUNIDAD DE LA ETNIA PERTENECE;FUNCIONARIO - CEDULA;FUNCIONARIO - NOMBRE
6000000030;21/09/2026;CEDULA_CIUDADANIA;1024499134;18/01/2008;Vargas;Hoetza;Hiram;Viviana;BACHILLERATO;;vivianavargash@gmail.com;Bogotá;Cll 78 # 2-30;;NO;NINGUNA;;;1030522674;JOHAN BARRAL CASTRO
6000000031;25/09/2026;CEDULA_CIUDADANIA;1011082685;21/04/2023;Rodriguez;Avila;Andrea;Valentina;TECNICO;3058830563;andregvale@gmail.com;Bogotá;Calle 68 A Sur #80K 45;;NO;NINGUNA;RAIZALES;;1012362115;Laura Rojas
6000000032;10/08/2026;CEDULA_CIUDADANIA;3166804;29/01/1993;Lemos;Ramirez;Juan;Carlos;TECNICO;3105848680;juanch1126@hotmail.com;Bogotá;Cra 100 50645 Sur Basa Pacheco;;NO;NINGUNA;INDIGENA;;1012362115;Laura shirley Rojas G
6000000033;25/09/2026;CEDULA_CIUDADANIA;1005850329;24/07/2013;Paloma;;Leidi;Patricia;TECNICO;3136998216;kateriincm25@hotmail.com;Bogotá;Calle 780 14-35 Sur;;NO;NINGUNA;AFROCOLOMBIANA;;3105272661;Feiber Cilundo Estrada
6000000034;01/08/2026;CEDULA_CIUDADANIA;80864195;04/07/2003;Valdezrama;Herrera;Wilmer;Roberto;PROFESIONAL;3123628389;;Bogotá;Cll 36 SUR 9C-69;;NO;;;NINGUNA;1005850329;Leydi Katienne Matoma
6000000035;25/09/2026;CEDULA_CIUDADANIA;80238981;08/07/1999;Gama;Herrera;Omar;Fernando;TECNICO;3123806048;djferch00fg@hotmail.com;Bogotá;CALLE 69 B BIS A SUR 22-78 SUR;7787071;NO;NINGUNA;ROM;;1052955372;CRISTINA VANEGAS
6000000036;25/09/2026;CEDULA_CIUDADANIA;1000859960;17/11/2020;Gonzalez;Castiblanco;Luisa;Lilian;TECNICO;3045260778;luis190115@gmail.com;Soacha;Cra 11 N 47 C 23;;NO;NINGUNA;;Ninguna;52746327;Amparo castiblanco
6000000037;25/09/2026;CEDULA_CIUDADANIA;1052955372;14/12/2005;Vanegas;Sampayo;Cristina;María;TECNICO;3203002857;crsty8703@hotmail.com;Bogotá;Kra 96 # 129-20;;NO;NINGUNA;;N/A;1018409435;Robinson Peña Prieto
6000000038;25/09/2026;CEDULA_CIUDADANIA;52376047;11/11/1996;Salgado;Mendez;Haide;Milena;TECNICO;3222449624;milenasalgadoza@gmail.com;Soacha;KRA 30 # 36-179;6016985690;NO;NINGUNA;AFROCOLOMBIANA;;80238981;OMAE GAMBOA
6000000039;25/09/2026;CEDULA_CIUDADANIA;1024564925;10/10/2013;Mora;Hurtado;Ashley;Lizeth;BACHILLERATO;3025781796;lizeth-1795@hotmail.com;Soacha;calle 16 sur # 12-10;;NO;NINGUNA;;Ninguna;51746496;Mara Hurtado
6000000041;07/08/2026;CEDULA_CIUDADANIA;1014265985;31/05/2013;Ochoa;Rincon;Cristian;Javier;TECNICO;312482047;cristian.p&m13@gmail.com;Bogotá;CL 43 # 89-13;;NO;;;Ninguna;1110172684;Claudia Oviedo
6000000042;23/09/2026;;12459401;25/11/1979;Miranda;Jimenez;Franklin;;TECNICO;3013788639;franklinmiranda200@gmail.com;Bogotá;Calle 42 # 14A-28 TEUSAQUILLO;;;NINGUNA;;NINGUNA;98463718;Jose Turbergula
6000000043;25/08/2026;CEDULA_CIUDADANIA;1022944750;18/09/2006;Rodriguez;Vidal;Sara;Lacia;TECNICO;3204995032;saravid71@hotmail.com;Bogotá;carrera 131 N 132 c 19 Nogales;;NO;NINGUNA;;Ninguna;52019589;Cecelia Vidal Jaramillo
6000000044;03/08/2026;CEDULA_CIUDADANIA;1014301836;29/11/2014;Leon;Garcia;Quisa;;TECNICO;3121692894;kyuisa.g@gmail.com;Bogotá;Calle 67 B # 111-13 Engativá;;NO;NINGUNA;;;52372119;Flor Micaela Garcia
6000000045;03/08/2026;CEDULA_CIUDADANIA;1016023153;11/01/2008;Ovalle;Quintero;Leidy;Tatiana;TECNICO;3152626785;tatianaovalle213@gmail.com;Bogotá;Cra 104 # 130-76;;NO;NINGUNA;;;1014301830;Yulisa León
6000000046;20/08/2026;CEDULA_CIUDADANIA;1233494025;09/02/2016;Forero;Agudelo;Karen;Andrea;TECNICO;3107778549;yafarito-254@hotmail.com;Bogotá;cl 349 sur #99a 37;;NO;NINGUNA;;N/A;1016088761;Cindy Morea
6000000047;10/08/2026;CEDULA_CIUDADANIA;1016088761;22/09/2014;Mora;Bohorquez;Cindy;Lorena;TECNICO;3024087521;cindy_lore96@hotmail.com;Bogotá;Cra 135 # 13-80;;NO;NINGUNA;COM_NEGRAS;;1233494025;Karen Forero
6000000048;20/08/2026;CEDULA_CIUDADANIA;1023006547;26/08/2013;Parra;Pulgarin;Mónica;Paola;TECNICO;3243994690;mparra.p444@gmail.com;Bogotá;Calle 27 A Sur #24-33 este;;;NINGUNA;AFROCOLOMBIANA;;1023901203;Jenny Parra
6000000049;28/08/2026;CEDULA_CIUDADANIA;1024583940;09/09/2006;Garauis;Robayo;Angelica;;TECNICO;3204464882;angelica.garauis@gmail.com;Soacha;Calle 45B # 19-30;;NO;NINGUNA;;N/A;24525614;Ana Salazar
6000000050;25/09/2026;CEDULA_CIUDADANIA;1019989700;14/11/2024;Carvajal;Gordillo;Sara;;PROFESIONAL;3042644841;saracgordillo@gmail.com;Bogotá;Cll 60 sur # 226-05 Casablanca del tunal;;NO;NINGUNA;AFROCOLOMBIANA;;52098605;Barbara Cordillo
6000000051;10/08/2026;CEDULA_CIUDADANIA;52491877;24/04/1996;Loaiza;;Lina;María;;3115717633;santvalent1911@gmail.com;Bogotá;CLL 66b sur # 81964;;;AUDITIVA;AFROCOLOMBIANA;;1000272430;David Santiago Cartagena Loaiza
6000000052;03/08/2026;CEDULA_CIUDADANIA;1000162669;01/02/2019;Ochoa;Hondoya;Daniela;Alejandra;PRIMARIA;3214964691;daleja@hotmail.com;Bogotá;Cra 78 p # 32;;NO;NINGUNA;RAIZALES;;1011082685;Andrea Rodriguez
6000000053;20/08/2026;CEDULA_CIUDADANIA;1023014232;18/07/2014;Prada;Urrea;Stefann;Zuley;TECNICO;3166502237;stefannprada@gmail.com;Bogotá;5 r 10 A # 75 a-21 Sur;;NO;NINGUNA;INDIGENA;;39622013;Arcelia Urrea
6000000054;15/09/2026;CEDULA_CIUDADANIA;1000118303;18/02/2019;Sanchez;Mendieta;Iuz;Heily;BACHILLERATO;3173049429;iuzsanchu19@gmail.com;Bogotá;Call 27 18-12;;NO;NINGUNA;;;1014201089;Jenfer Osuna
6000000057;15/06/2026;CEDULA_CIUDADANIA;1083887161;15/09/2000;Peña;Medina;Maria;Alisdey;TECNICO;3052148553;mariamedina1305@hotmail.com;Pitalito;Kennedy;;NO;NINGUNA;PALENQUEROS;;80217102;Mauricio Lopez
6000000058;16/09/2026;CEDULA_CIUDADANIA;80217102;16/04/1999;Lopez;Tique;Mauricio;;BACHILLERATO;3179718486;mauricio.lopez@thomasgrcg.com;Bogotá;Crr 87° No 70-74 Sur;;NO;NINGUNA;;N/A;1083887161;Haria Peña
6000000059;25/09/2026;CEDULA_CIUDADANIA;39704693;18/10/1983;Herrera;Campos;Fabio;;TECNICO;3178204179;fabihecampos@hotmail.com;Bogotá;Calle 146 116-70;;NO;NINGUNA;;Ninguna;1022944750;Sara lucia Rodriguez Vidal
6000000060;21/08/2026;CEDULA_CIUDADANIA;53046799;16/08/2006;Bustos;Dejesus;Yolanda;;;3012694904;yolandabustos2015@gmail.com;Bogotá;Cra 14 este # 61c-60 sur;;NO;NINGUNA;AFROCOLOMBIANA;;1083887161;Hana Perez
6000000061;10/09/2026;CEDULA_CIUDADANIA;1074577280;11/08/2016;Prado;Cangrejo;Daniela;;TECNICO;3103101428;danielaprado06.98@gmail.com;Bogotá;Ciudad Bolivar barrio corona;;NO;NINGUNA;ROM;;334206;Gilberto Cristancho
6000000062;02/08/2026;;1014201089;13/06/2007;Ospina;Moreno;Jennifer;Dahiana;TECNICO;3209195940;jom.martin70@outlook.com;Bogotá;CALLE 141 A # 144-80;;NO;NINGUNA;;N/A;33539588;ANA MORENO
6000000064;26/09/2026;CEDULA_CIUDADANIA;1033679393;01/06/2004;Hurtado;Pacase;Julio;Andres;TECNICO;3129957425;jahurtadopacase@gmail.com;Bogotá;diagonal: 69 sur # 94-35;;;FISICA;AFROCOLOMBIANA;;1013607038;Claudia Lagos
6000000065;25/08/2026;CEDULA_CIUDADANIA;1012411911;27/07/2012;Cortes;Montero;Mario;Johanna;TECNICO;3183997916;mariocortes2013@gmail.com;Bogotá;Av 50 # 4F 61;;NO;NINGUNA;;Ninguna;52410465;Sandra Moreno
6000000066;12/08/2026;CEDULA_CIUDADANIA;52961760;05/09/1984;Morillo;Rodriguez;Rocio;;BACHILLERATO;;amorillo25@hotmail.com;Bogotá;CALLE 64 # 70 B-17;;NO;FISICA;;NINGUNA;35330971;RUTH FRANCE RODRIGUEZ
6000000067;25/09/2026;CEDULA_CIUDADANIA;52450693;19/01/2000;Romero;Macetón;Anayiber;;TECNICO;3214599347;aromeromocetón@gmail.com;Bogotá;cl 68 13 sur # 63-55;2381165;NO;NINGUNA;;Ninguna;52450693;Anayiber Romero Macetán
6000000068;16/08/2026;CEDULA_CIUDADANIA;80035966;22/03/2001;Quiñones;Franco;Milton Ivan;Ivan;BACHILLERATO;3005132526;qmiltonivan2@hotmail.com;Suba;KT 140 # 128A-15;;NO;NINGUNA;;NINGUNA;51664666;laura Elizabeth FRANCO Cortez
6000000069;26/08/2026;CEDULA_CIUDADANIA;51907437;10/11/1986;Villate;Martinez;Nancy;Esperanza;TECNICO;3232120502;nachovillate@hotmail.com.co;Soacha;Kra 37 N 33-90;;;NINGUNA;;Ninguna;1033750974;Juan Manuel Ramirez
6000000070;13/08/2026;CEDULA_CIUDADANIA;1073696507;20/12/2010;Rodriguez;Marentes;Luz;Yamile;TECNICO;3222553675;lyrodriguez70@gmail.com;Soacha;Calle 24 D N 5-31 Este;;NO;NINGUNA;;Ninguna;20926889;Lucy Amalia Marentes
6000000071;01/09/2026;CEDULA_CIUDADANIA;53046995;31/10/2002;Avellaneda;Guzmán;Angélica;Mariana;TECNICO;3108656276;a.mariana.0907@gmail.com;Bogotá;Calle 72 sur # 13 b 38 Este;;NO;NINGUNA;;;41584212;Amparo Guzmán Gonzales
6000000072;25/08/2026;CEDULA_CIUDADANIA;1033750974;19/02/2011;Ramirez;Bejarano;Juan;Manuel;PROFESIONAL;3204593549;juanmanuelramirezbejarano10@gmail.com;Bogotá;Calle 6 BISA # 90 A 80;;NO;NINGUNA;;NINGUNA;41711450;AURA INES RAMIREZ
6000000073;09/09/2026;CEDULA_CIUDADANIA;1024588772;28/03/2016;Castañeda;Cifuentes;Lina;Gisela;TECNICO;3102978911;cifuenteslina1998@gmail.com;Bogotá;Calle 69 K sur # 46 C-13 Jerusalén;;NO;NINGUNA;;Ninguna;1024500051;Andrey Morales
6000000074;11/08/2026;CEDULA_CIUDADANIA;53090394;16/10/2022;Martinez;Aldana;Sandra;Milena;TECNICO;3203620590;milenat712@outlook.com;Soacha;transv 48 # 3 75;;NO;NINGUNA;PALENQUEROS;;1124003767;Liliana Alvaréz
6000000075;25/08/2026;CEDULA_CIUDADANIA;28341656;09/01/1987;Valencia;Martinez;Yantha;Cecilia;TECNICO;3138696881;maceva21@hotmail.com;Bogotá;Cra 105 B # 165-449;;NO;AUDITIVA;;N/A;1012411911;Nini Johana cortes
6000000076;18/08/2026;CEDULA_CIUDADANIA;52759943;21/04/2001;Castañeda;Ortiz;Lida;Carolina;BACHILLERATO;3134963052;candilando83@hotmail.com;Soacha;Cll 2 A 36 NO 17-205;;NO;NINGUNA;;Ninguna;52961760;Rocio Monto
6000000077;28/08/2026;CEDULA_CIUDADANIA;1096644894;03/07/2007;Henera;Jemus;Maria;Teresa;PROFESIONAL;3013829312;mariali13028@gmail.com;Bogotá;Basca Amrsted;;NO;NINGUNA;;N/A;1024531570;Jhon Paramo
6000000078;28/08/2026;CEDULA_CIUDADANIA;17047365;20/08/2000;Zamora;Pinzon;Ismael;Ricardo;BACHILLERATO;3208504146;ismael@99hotmail.com;Bogotá;Crr 99 # 35 B 33 sur;31504146;NO;NINGUNA;;;12047365;JSmuel Ricardo Zerar
6000000079;29/08/2026;CEDULA_CIUDADANIA;1032379327;14/05/2006;Rojas;Martinez;Claudia;Marcela;TECNICO;3063250420;claudia2323@gmail.com;Bogotá;Carrera 9 # 22 b 38;;NO;NINGUNA;AFROCOLOMBIANA;;1032379327;alupieee
6000000080;25/09/2026;CEDULA_CIUDADANIA;1012453113;28/06/2016;Garzón;Paez;Ingrid;Zobeida;PROFESIONAL;3208311065;ingrid.garzon@gmail.com;Bogotá;Calle 71 A sur 83-30;;NO;NINGUNA;;Ninguna;52707980;Helba López
6000000081;13/08/2026;;1016071060;20/11/2012;Vera;Avella;Tatiana;Alexandra;TECNICO;;tatianavr@hotmail.com;Bogotá;FONTIBON;3104281794;NO;NINGUNA;AFROCOLOMBIANA;;52279367;CATALINA DUARTE
6000000082;16/08/2026;CEDULA_CIUDADANIA;1024571811;02/07/2014;Espinoza;Gonzalez;Natalia;;TECNICO;3212265993;natuchita_0125u@hotmail.com;Bogotá;cl 69 D # 72 C 38 sur;;NO;NINGUNA;;N/A;1024489671;Alexander Ruiz
6000000084;18/08/2026;CEDULA_CIUDADANIA;1023029464;23/08/2016;Alfonzo;Moreno;Alex;Arbey;TECNICO;3206837972;arbey0402@gmail.com;Bogotá;Calle 88F sur 8d 15 este;;NO;NINGUNA;AFROCOLOMBIANA;;1022443625;Camila Alejandra lesmes
6000000086;23/09/2026;CEDULA_CIUDADANIA;1031156508;29/10/2012;Herrera;Castiblanco;Heidy;Catalina;TECNICO;3243901479;heidyherrera609@gmail.com;Bogotá;Tv 49 > 315 # 68 6 84 Sur;;NO;NINGUNA;;NINGUNA;52101474;ANA CASPIZLANCO
6000000087;25/09/2026;CEDULA_CIUDADANIA;1110172684;04/10/2004;Oviedo;Lizcano;Claudia;Andrea;TECNICO;3105812990;claudiaoviedolizcano@hotmail.com;Bogotá;CARRETERA 86 13 # 56-02 SUR;;NO;NINGUNA;INDIGENA;PIJAG;1110172685;DAYANA RAMIREZ
6000000088;10/09/2026;CEDULA_CIUDADANIA;1012360409;15/01/2008;Cordon;Barbosa;Stefanny;;BACHILLERATO;3108079634;stef45024@gmail.com;Bogotá;Cll 66 sur # 78 h 18;;NO;NINGUNA;AFROCOLOMBIANA;;21207865;Blanca Barbosa Garcia
6000000089;25/08/2026;CEDULA_CIUDADANIA;1033790713;20/08/2014;Baldión;Negro;Johana;Paola;TECNICO;3113604688;jbpn1996@gmail.com;Bogotá;(Bogota) Calle 56 sur #27-06;;NO;NINGUNA;;Ninguna;104735533;Yohan Rivera
6000000090;09/09/2026;CEDULA_CIUDADANIA;53016963;10/03/2003;Alcalde;López;Liliana;;TECNICO;3212361895;alcaldeliliana@gmail.com;Bogotá;calle 81 sur # 81-90;;SI;NINGUNA;;Ninguna;79995954;Rayer Danilo Fajardo
6000000091;24/09/2026;CEDULA_CIUDADANIA;52770441;09/09/1998;Mateos;Malagon;Linda;Marleny;TECNICO;3222409606;lindamateos@gmail.com;Bogotá;Calle 74 70b-50;;NO;NINGUNA;;Ninguna;1019070073;Jcar Fajardo
6000000092;02/08/2026;CEDULA_CIUDADANIA;1010234986;21/08/2016;Castro;Rojas;Ivan;Damela;PROFESIONAL;3245265016;danivon8+egm@il.com;Bogotá D.C.;Calle 43 sur 6:59 este;2884036;NO;NINGUNA;;Ninguna;79324586;Jesús David Castro Gomea
6000000094;25/09/2026;CEDULA_CIUDADANIA;52029895;11/12/1989;Trujillo;Barbosa;Lissy;;PROFESIONAL;3008018186;lissitruegm@il.com;Bogotá;Cra 72 H Bis N 42 F-12 Sur;6013925162;SI;NINGUNA;INDIGENA;INDIGENA;20320575;Rosalina Rosero de Trillo
6000000095;15/09/2026;CEDULA_CIUDADANIA;1012377569;12/06/2009;Rubio;Cardenas;Liliana;Britte;TECNICO;;lili-0516-e@hotmail.com;Soacha;CRA 36 # 37-73;3142285588;SI;NINGUNA;INDIGENA;Guambiano;51718089;Gladys Cardenas
6000000096;25/09/2026;CEDULA_CIUDADANIA;52025342;30/12/1988;Niampira;Gamba;Gloria;Lucía;TECNICO;3126223434;gniampira@hotmail.com;Bogotá;kra 5 y # 49 d-77 sur;;NO;NINGUNA;;Ninguna;57964799;(Gloria) Are Mampira
6000000097;03/09/2020;CEDULA_CIUDADANIA;1049373008;06/07/2010;Nuñez;Soto;Carmen;Milady;BACHILLERATO;3014567284;milady236@hotmail.com;Bogotá;CRA 98 # 57-05 SUR;;NO;NINGUNA;;;1012402784;EDISON VARGAS
6000000098;25/08/2026;CEDULA_CIUDADANIA;60394244;12/06/1997;Hernandez;Quintero;Enith;Yolanda;PROFESIONAL;3193816;yolira3.515@hotmail.com;Bogotá;CRA 72 m bis b # 42 b-10 SUR;3123121998;SI;NINGUNA;INDIGENA;NINGUNA;17115215;Ramon Hernandez Forque
6000000100;06/09/2026;CEDULA_CIUDADANIA;4004801124;22/03/2019;Jimeñez;Trejos;Juan;Stiven;TECNICO;3226289894;trejosdoc@gmail.com;Bogotá;CR 84 #52 69;;NO;NINGUNA;INDIGENA;;1062545264;Juan bautista. rendon
6000000101;01/08/2026;CEDULA_CIUDADANIA;1072195422;05/03/2015;Ramos;Gely;Gimena;Yineth;PROFESIONAL;3134644790;xime-yineth19@hotmail.com;Bogotá;Cra 98a # 56h 15 Sur;7682324;SI;NINGUNA;INDIGENA;INGA;20429226;Maria Cristina Gely Rodriguez
6000000102;25/09/2026;CEDULA_CIUDADANIA;1000216212;02/02/2021;Morato;Fonseca;Jury;Hasbleidy;TECNICO;3022019036;jurymorato012@gmail.com;Bogotá;Calle 34 A sur N 97 F 65;;NO;NINGUNA;ROM;;1000006966;Leidi catalina morato Fonseca
6000000103;11/09/2026;CEDULA_CIUDADANIA;1000000966;19/06/2019;Morato;Fonseca;Leidi;Catalina;TECNICO;3024508606;cmorator@gmail.com;Bogotá;Calle 34 CSur #97 A 76;;NO;AUDITIVA;;N/A;52240754;Nelly fonseca ramirez
6000000104;24/09/2026;CEDULA_CIUDADANIA;1010160095;21/02/2021;Silva;Sanchez;Tania;Yurani;;3126241328;taniata122003@gmail.com;Bogotá;CRA 9 ESTE # 1A: 75;;SI;VISUAL;RAIZALES;;39709058;LIGIA AURORA SANCHEZ
6000000105;25/09/2026;CEDULA_CIUDADANIA;1018115842;12/05/2025;Gonzalez;Morales;Iban;Camilo;BACHILLERATO;3140187837;jucagomo1257@gmail.com;Bosa;Cll 52 sur #81 i 19;;NO;;;N/A;1012331140;Pilar Pena
6000000106;01/08/2026;CEDULA_CIUDADANIA;52239056;27/02/1995;Giraldo;Bedoya;Sandra;Juao;TECNICO;3004433882;sandra.fpd@gmail.com;Soacha;Cra 13 # 33e-22 sur;;NO;NINGUNA;AFROCOLOMBIANA;N/A;25219826;Martha Rosasa Bedoya
6000000107;01/08/2026;CEDULA_CIUDADANIA;79333283;05/09/1982;Puentes;Gómez;Victor;Manuel;TECNICO;3200079281;vppuentes.1985@hotmail.com;Bogotá;Cra 61 A # 52 A-30 Sur;;NO;VISUAL;COM_NEGRAS;;1013607089;Daniela Roa
6000000108;17/09/2026;CEDULA_CIUDADANIA;80026030;10/06/2003;Morcía;Rondón;Cristian;Camilo;PROFESIONAL;3205033013;cristianmorcia@gmail.com;Bogotá;Cra 73 B # 146F-50;6895017;NO;NINGUNA;RAIZALES;Ninguna;41723080;Oliva Osorio
6000000109;25/09/2026;CEDULA_CIUDADANIA;1010176385;22/05/2006;Cervantes;Castro;Cindy;Milena;PROFESIONAL;3017479222;cindy.cervantesc@thomasqreg.com;Bogotá;Cra 111 # 66-62;;NO;NINGUNA;INDIGENA;No Aplica;52752386;Diara lopez
6000000110;09/08/2026;CEDULA_CIUDADANIA;1073676379;30/12/2020;Montoya;;Juan;Sebastian;TECNICO;3142871725;juanmontoya1721@gmail.com;Soacha;Cll 37 A sur 12-22 B;3256087;NO;NINGUNA;ROM;Ninguna;1010033314;Mariana Montoya
6000000111;25/08/2026;CEDULA_CIUDADANIA;1007535715;11/03/2011;Brinez;Culma;Derly;Maria;BACHILLERATO;3173825588;derly.maria09@gmail.com;Bogotá;calle 696 N 31-77;3242546;NO;VISUAL;INDIGENA;Ninguna;28867774;Elicenia Culma Tapiero
6000000112;17/08/2026;CEDULA_CIUDADANIA;1072421087;15/12/2004;Cicantes;Leon;Johana;;BACHILLERATO;3142679770;lclchiquizzo@hotmail.com;Bogotá;calle 16 H bis A # 103 A 68;3258050;NO;NINGUNA;INDIGENA;NINGUNA;1015997330;Alexander Rojas
6000000113;18/09/2026;CEDULA_CIUDADANIA;1024585237;27/09/2021;Anchico;Arroyo;Karen;;BACHILLERATO;3122495305;arroyoanchicoikaren1719@gmail.com;Soacha;Conjunto Quintanares;4588425;NO;NINGUNA;AFROCOLOMBIANA;Ninguna;1087889646;MicheN Rosales
6000000114;21/09/2026;CEDULA_CIUDADANIA;1077868852;22/10/2012;Vargas;Vargas;Gisela;-;TECNICO;3163106725;vargasgisela-94@hotmail.com;Bogotá D.C.;Cra 100 # 50 B 45 Sur;3544085;NO;NINGUNA;INDIGENA;Ninguna;1012344363;John Edison Lasso
6000000115;21/09/2026;CEDULA_CIUDADANIA;1022329177;15/02/2005;Lancheros;Pineda;Cristian;Fernando;PROFESIONAL;3204107470;ing.cristian.lancheros@gmail.com;Soacha;Carrera 4 No 40 sur-306 10.9 APT 303;;NO;NINGUNA;RAIZALES;Ninguna;3224952;Angel Mario Lancheras Niño
6000000116;09/08/2026;CEDULA_CIUDADANIA;1030593762;17/06/2009;Carvajal;Botia;Solenyi;Viviana;BACHILLERATO;3104833628;vivianabotia@hotmail.com;Soacha;Cra 4 este # 25-17;5483801;NO;NINGUNA;INDIGENA;Ninguna;1071987384;Mateo Suarez
6000000117;05/08/2026;CEDULA_CIUDADANIA;1012358457;27/11/2007;Rivas;Meneses;Ingrid;Miledi;TECNICO;3105873637;inmy89@gmail.com;Bogotá;Cra 89 # 70c-04 sur;3845068;NO;NINGUNA;ROM;ninguna;1012349773;Pedro Martinez B
6000000118;22/09/2026;CEDULA_CIUDADANIA;1002460906;25/05/2018;Porras;Trujano;Angy;Paola;TECNICO;3228840458;angyporras6@gmail.com;Bogotá;calle 39 C sur #68G48 villa nueva;3245054;SI;PSICOSOCIAL;RAIZALES;N/A;1012358906;Dumay Leonardo Acevedo Amaya
6000000119;24/09/2026;CEDULA_CIUDADANIA;1022934100;18/03/2023;Rojas;Rojas;Carlos;Andres;BACHILLERATO;3164119821;carrojas205@gmail.com;Bogotá;Carrera 88c #69;3458454;NO;NINGUNA;INDIGENA;Ninguna;1001196355;Angie Carolina Rojas
6000000120;25/08/2026;CEDULA_CIUDADANIA;1031126586;28/01/2005;Muñoz;López;Carlos;Javier;TECNICO;3118689186;jotacobain28@gmail.com;Bogotá;Calle 100 # 139-71;5489450;NO;NINGUNA;RAIZALES;Ninguna;41799059;Maria Lopez
6000000121;02/09/2026;CEDULA_CIUDADANIA;52985495;26/01/2001;Romero;Sanchez;Johanna;Angelica;TECNICO;3202802202;fuentesromero1783@gmail.com;Bogotá;Carrera 96 # 81-19 Sur;6019327824;NO;NINGUNA;ROM;Ninguno;79866591;Fenoy Fuentes Giraldo
6000000122;22/03/2026;CEDULA_CIUDADANIA;1033821483;21/01/2018;Garzon;Vara;Gianelly;Stephania;TECNICO;3202827030;garzongianelly@gmail.com;Bogotá;Diagonal 67 B sur # 28-21;6998601;NO;PSICOSOCIAL;COM_NEGRAS;Ninguna;52173585;Yenyse cabvera zambano
6000000123;23/09/2026;CEDULA_CIUDADANIA;1016054563;19/04/2017;Rodriguez;Cabrera;Juliehn;Vanessa;BACHILLERATO;3160971819;juliehnrodriguez93@hotmail.com;Bogotá;Cra 37 a 2 b-07 ciudad Montes;3548969;NO;PSICOSOCIAL;RAIZALES;Ninguna;52173585;Yenyse Cabrera Zambrano
6000000124;20/09/2026;CEDULA_CIUDADANIA;101655305;01/03/2007;Corredor;Bermúdez;Laura;Marjorie;PROFESIONAL;3102303255;laura_corredor@hotmail.com;Bogotá;Dg 54 # 73 9 56;4801344;NO;NINGUNA;ROM;Ninguna;52469632;JAIRO ORTIZ
6000000125;02/09/2026;CEDULA_CIUDADANIA;1073669521;24/06/2004;Jenny Melo;Peralta;Jenny;Paola;BACHILLERATO;3124433678;jpmelo84@hotmail.com;Soacha;Calle 14 # 1-53 Este;5757812;NO;NINGUNA;ROM;Ninguna;26619413;Blanca Valencia
6000000126;20/08/2026;CEDULA_CIUDADANIA;1024490457;27/04/2007;Muetg;Parej;Diana;Carolina;TECNICO;308855280;carho26@hotmail.com;Bogotá;Calle 32 # 17-215;;NO;NINGUNA;COM_NEGRAS;Ninguna;1032360998;ALEJANDRO Bernal
6000000127;09/09/2026;CEDULA_CIUDADANIA;1012334747;01/08/2005;Alvarado;;Amalia;;PROFESIONAL;3016731160;amalia287@hotmail.es;Bogotá;Cra 36 # 4-71;5484444;NO;VISUAL;ROM;Ninguna;63305827;Elizabeth Aviado
6000000128;24/09/2026;CEDULA_CIUDADANIA;1032936873;08/06/2022;Sergio;Andrés;Alarcón;Castiblanco;TECNICO;3209885897;sergiandresalarconcastiblanco@gmail.com;Bogotá;Calle 84 Sur # 14 D 14;5405050;NO;AUDITIVA;RAIZALES;Ninguna;52690609;Maribel Castiblanco Muñoz
6000000129;10/09/2020;CEDULA_CIUDADANIA;1022014369;20/06/2013;Garcia;Reyes;Leidy;Lorena;TECNICO;3132313127;manis-gat@hotmail.com;Bogotá;Cra 36-24 sur 18;5484030;NO;NINGUNA;COM_NEGRAS;Ninguna;4494709;Gustavo Cardozo
6000000130;10/09/2026;CEDULA_CIUDADANIA;1007772967;06/12/2016;Palmera;López;Manuel;Antonio;TECNICO;3202265669;manuelpalmera98@gmail.com;Bogotá;Kra 29 # 33c-16;;NO;NINGUNA;PALENQUEROS;N/A;87424260;Carlos Palacios
6000000132;02/09/2026;CEDULA_CIUDADANIA;7623928555;26/10/2027;Martinez;Fandiño;Jeison;Alexander;PROFESIONAL;3274464460;jeison4077@gmail.com;Bogotá;cl 95 # 68-29;8684524;NO;NINGUNA;AFROCOLOMBIANA;Ninguna;32482503;luz Mary Holguin londono
6000000133;10/09/2026;CEDULA_CIUDADANIA;1001221560;08/10/2019;Barragan;Fuquen;Cristian;Daniel;TECNICO;3215126429;cdaniefuquen3@gmail.com;Bogotá;Carrera 10 #64-14 Sur;3898080;NO;NINGUNA;COM_NEGRAS;Ninguna;26316540;Claudefte Cassab Castillo
6000000134;13/08/2026;CEDULA_CIUDADANIA;1000779195;29/01/2018;Velasquez;Ropero;Jose;Daniel;BACHILLERATO;3108872567;danielvelasquez541@gmail.com;Bogotá;CALLE 57 BIS UR #88F-59;4554930;NO;NINGUNA;INDIGENA;Ninguna;79665918;FABIO ALEXANDER VELASQUEZ
6000000135;04/09/2026;CEDULA_CIUDADANIA;1016069935;09/04/2012;Sánchez;Ferreiro;Laura;Carolina;TECNICO;3177075967;lferreiro129@gmail.com;Bogotá;Calle 22L # 98 a-45;3559869;NO;NINGUNA;COM_NEGRAS;Ninguna;1136886879;diego calderon
6000000136;17/09/2026;CEDULA_CIUDADANIA;80722843;24/05/2000;Moreno;Lopez;Carlos;Andres;BACHILLERATO;3142252262;andres80722@hotmail.com;Bogotá;Carrera 1 A Este N 42-05 Sur;;SI;NINGUNA;AFROCOLOMBIANA;Ninguna;19257400;Jairo Villa
6000000137;12/08/2026;CEDULA_CIUDADANIA;1016096787;07/09/2015;Ospina;Torres;Adriana;Katherin;TECNICO;3025281676;katherin150909@gmail.com;Bogotá;Calle 16 F # 99-72;3408058;NO;NINGUNA;RAIZALES;Ninguna;1016024865;Yurani Ospina V
6000000138;23/09/2026;CEDULA_CIUDADANIA;1136886879;19/01/2013;Calderon;Idarraga;Diego;Leonardo;PROFESIONAL;3144059601;dcalderon386@gmail.com;Bogotá;Cra 63 #23A-84;;NO;FISICA;INDIGENA;Ninguna;7016064935;Laura Foreno
6000000139;16/08/2026;CEDULA_CIUDADANIA;1030597329;31/08/2009;Lizcano;Aya;Juan;Ernesto;TECNICO;3054164043;jelizcano9@gmail.com;Bogotá;Carrera 74 # 00-61;3054164043;NO;NINGUNA;COM_NEGRAS;;32460000;Germar Orrego
6000000140;02/09/2026;CEDULA_CIUDADANIA;1073683969;09/10/2007;González;;Marcela;Bernal;TECNICO;3143862802;dimagolde2018@gmail.com;Joachí;Cll 15 1A 07;;NO;NINGUNA;INDIGENA;;8249132;Mario Ruiz Londoño
6000000141;09/09/2026;CEDULA_CIUDADANIA;52430236;04/03/1997;Lozano;Bonilla;Sandra;Carolina;PROFESIONAL;3103233794;carolinaloz@hotmail.com;Bogotá;CALLE 145 # 19-58;2031066;NO;NINGUNA;;N/A;79897644;Huber Javier Medina Guzman
6000000142;12/08/2026;CEDULA_CIUDADANIA;1124003767;09/08/2005;Alvarez;Roman;Leydis;Liliana;TECNICO;3154493331;lkalvarez2002@gmail.com;Soacha;Calle 107A # 198 194;;NO;NINGUNA;COM_NEGRAS;;42987283;Olga Roman
6000000143;25/09/2026;CEDULA_CIUDADANIA;25289932;15/01/2000;Zuñiga;Zuñiga;Karen;Takeline;PROFESIONAL;3158273324;karen.zuniga6920@yahoo.es;Bogotá;Carrera 40 B N 2f-15;3271456;NO;NINGUNA;COM_NEGRAS;;34544681;Mabel Zuniga
6000000144;29/08/2026;CEDULA_CIUDADANIA;1024594820;29/12/2016;Layton;Vargas;Joan;David;PROFESIONAL;3224052324;juan66vv@hotmail.com;Bogotá;Cll 59A Bis # 49B-48 Sur;7179074;NO;NINGUNA;PALENQUEROS;Ninguna;1022446582;Daniel Castro
6000000145;25/08/2026;CEDULA_CIUDADANIA;1027946052;17/09/2013;Fajardo;Sabogal;John;Alexander;TECNICO;3152417070;johnalfwsa@hotmail.com;Bogotá;Cra 7 # 110-39 Sur;;NO;NINGUNA;COM_NEGRAS;N/A;1022422850;Laura Gómez
6000000146;25/09/2026;CEDULA_CIUDADANIA;1032422850;23/10/2006;Gutierrez;Montes;Maiva;Alejandra;TECNICO;3222940576;alejag.032@hotmail.com;Bogotá;Cra 57 28-49;;NO;NINGUNA;AFROCOLOMBIANA;;1023946052;John fajardo
6000000147;24/08/2026;CEDULA_CIUDADANIA;1033526301;07/11/1992;Lopez;;Sandra;Liliana;BACHILLERATO;3109990821;sandralopez@gmail.com;Bogotá;Cr 20 # 11-81;;NO;NINGUNA;INDIGENA;;65412226;Alba Garzón
6000000148;01/08/2026;CEDULA_CIUDADANIA;1000129798;27/01/2021;Gutierrez;Trujillo;Saira;Vanessa;TECNICO;3227665667;saira.gutierrez@outlook.com;Soacha;06 40 H 3 73 A;2025035;NO;NINGUNA;INDIGENA;Ninguna;1023029464;Alex Alfonso
6000000149;23/08/2026;CEDULA_CIUDADANIA;1022414815;28/04/2014;Uscajegoi;Cruz;Jenny;Katherine;TECNICO;3184002639;dkatherine6cruz@gmail.com;Bogotá;Cra 97 # 26-71 Sur;;NO;NINGUNA;PALENQUEROS;Ninguna;52160533;claudia 0012
6000000150;01/08/2026;CEDULA_CIUDADANIA;1022934402;22/06/2005;Bejarano;Chuca;Paola;Andrea;TECNICO;3024480769;andrea9293@hotmail.com;Bogotá;Cll 72 B Sur # 89 A-01;327148;;NINGUNA;;N/A;1023029464;Alex Alfonso
6000000151;22/09/2026;CEDULA_CIUDADANIA;52745240;16/03/2007;Garzon;Chicuasuque;Adriana;Mario;TECNICO;3142698609;adrisg.83@hotmail.com;Bogotá;Transv 53 7A-34;5642434;NO;NINGUNA;INDIGENA;;51641192;Ana Ines Chaquasque Perilla
6000000152;03/09/2026;CEDULA_CIUDADANIA;1022446467;07/11/2017;Andres;Camilo;Galindo;Jimenez;TECNICO;3123316371;camilogalindo123@gmail.com;Bogotá;Cra 89 bis 42 44;;NO;NINGUNA;AFROCOLOMBIANA;Ninguna;1013106532;Sara Herrera
6000000153;15/09/2026;CEDULA_CIUDADANIA;80441803;07/06/1994;Florez;Enciso;Alexander;;PROFESIONAL;3188134504;aflorezj6@hotmail.com;Bogotá;Cr 34 # 17-43;;NO;NINGUNA;AFROCOLOMBIANA;NINGUNA;38241934;Jhenn Escifo
6000000154;25/09/2020;CEDULA_CIUDADANIA;80028044;20/10/1998;Aguirre;Rodríguez;Adilson;;;3155253010;consulado.tundecos@gmail.com;Bogotá;Cra 10 20 46 Csn 7 Interior 2;7353510;NO;;;N/A;15151300;Carlos Camargo Diaz
6000000155;22/08/2026;CEDULA_CIUDADANIA;52304594;24/07/1995;Barreto;Gánchez;Juz;Adriana;TECNICO;3142234278;juzadrianabarreto@hotmail.com;Bogotá;Calle 69 sur # 81F-27 Bosa;;NO;NINGUNA;COM_NEGRAS;Ninguna;1022446462;Andres Galindo
6000000156;03/09/2026;CEDULA_CIUDADANIA;1013106532;17/11/2024;Herrera;Parra;Sara;Lucía;BACHILLERATO;3184508316;sarssherrera3112@gmail.com;Bogotá;Calle 54 7 501 # 44 21;8048573;NO;NINGUNA;;;52114713;Heleny Pania Burgos
6000000157;23/09/2026;CEDULA_CIUDADANIA;1019985627;09/06/2024;Perez;Castellanos;Jonathan;David;TECNICO;3003075581;jonathand.perezc@gmail.com;Bogotá;Cll 70c # 106-77;4695426;NO;NINGUNA;PALENQUEROS;NA;11189775;Cesar Augusto Perez Zabala
6000000158;25/09/2026;CEDULA_CIUDADANIA;52390999;14/06/1999;Pen;Medina;Jull;Leiny;PROFESIONAL;34359619;jullycamg@hotmail.com;Bogotá;Cra 129 # 129 a-87;;;NINGUNA;;;79887548;Wilton Ortiz
6000000159;25/09/2026;CEDULA_CIUDADANIA;72260428;04/06/1990;Rua;Romero;Carlos;Alberto;PROFESIONAL;316454646;carlosrua2007@hotmail.com;Soacha;Kra 31 # 38-148;;NO;NINGUNA;INDIGENA;;32548314;Eulices Garzon
6000000160;25/09/2026;CEDULA_CIUDADANIA;1030698684;24/08/2017;Pirazan;Castillo;Cristian;Camilo;TECNICO;3228921973;juniorpirazan0628@icloud.com;Bogotá;Cll 56F Sur 106 22;;NO;NINGUNA;AFROCOLOMBIANA;Gales;1033770637;ANGIE . GRISSALES
6000000161;03/08/2026;CEDULA_CIUDADANIA;52358391;02/04/1978;Halcon;Aciñiegas;Yasmi;Rocio;TECNICO;3186620808;alacomyasmi@gmail.com;Bogotá;Cll 15 # 7-04;;NO;NINGUNA;;;1233692125;Alejandra Engativox
6000000162;25/09/2026;CEDULA_CIUDADANIA;1012344345;06/08/2024;Neta;Arevalo;Alan;Mauricio;TECNICO;3178896694;alanneta2@gmail.com;Bogotá;Calle 60 Sur # 86-06;;NO;NINGUNA;RAIZALES;Ninguna;1092528942;Estefan Reales
6000000163;25/09/2026;CEDULA_CIUDADANIA;1033770637;13/12/2012;Gissales;Reyes;Angie;Katherine;BACHILLERATO;3124650385;kather.maik@gmail.com;Bogotá;Cra 18 A Bis # 80-86 Sur;;NO;NINGUNA;COM_NEGRAS;;1030698684;Cristian Piracón
6000000164;07/08/2026;CEDULA_CIUDADANIA;1012364357;02/05/2008;Peralta;Osorio;Uneth;Paola;BACHILLERATO;3144883718;unethllla@hotmail.com;Bogotá;CCA 104 A # 57-28 605;;NO;FISICA;INDIGENA;Ninguna;51791967;MARICELA OSPINA
6000000165;01/08/2026;CEDULA_CIUDADANIA;1032565996;26/07/2017;Trique;Sierra;Lenny;Stephany;BACHILLERATO;3168757437;lawstefa@gmarl.com;Bogotá;Cr 18 k bis # 67 B 216 Sur;;;NINGUNA;;;93369561;Diomedes Trique
6000000166;25/09/2026;CEDULA_CIUDADANIA;1023904597;29/01/2009;Oviedo;Montaña;Diana;Marcela;TECNICO;3134527306;compada@hotmail.com;Bogotá;calle 6a N 89-47;4620996;NO;NINGUNA;COM_NEGRAS;ninguna;51661271;Elizabeth Montana
6000000167;24/09/2026;CEDULA_CIUDADANIA;52167890;27/11/1992;Montiel;Vidal;Sandra;Patricia;BACHILLERATO;3123793266;sandra.montiel-18.07@hotmail.com;Bogotá;CRA 90 70 46-80 Sur;;;NINGUNA;COM_NEGRAS;N A;79493348;Cesar Herrera
6000000168;16/08/2026;CEDULA_CIUDADANIA;1010238273;02/03/2016;Johan;Steven;Chacon;Barrera;TECNICO;3192071473;johanchacon289@gmail.com;Bogotá;Cll 71 # 27 B 27 Sur;;NO;NINGUNA;INDIGENA;N/A;7010227337;Diego Torres
6000000170;06/09/2026;CEDULA_CIUDADANIA;1031184025;31/01/2018;Parrado;Rojas;Alejandra;;TECNICO;3115341777;alejandraparradorojas@gmail.com;Bogotá;Calle 49 B SN # 9A-56;;NO;NINGUNA;;Ninguna;52168833;Sandra Rojas
6000000171;25/09/2026;CEDULA_CIUDADANIA;1031143812;21/01/2019;Acosta;Lugo;Jeimy;Natalia;BACHILLERATO;3142953296;nathaacosta01@gmail.com;Bogotá;Dato-Bonito;;SI;NINGUNA;PALENQUEROS;Ninguna;51644051;Martha C. Lugo R
6000000172;03/09/2026;CEDULA_CIUDADANIA;1007158611;10/09/2018;Castaño;Candia;Daily;Lizeth;TECNICO;3219910646;dailylizethcastaño1007@gmail.com;Bogotá;Bosa Palestina;;NO;NINGUNA;AFROCOLOMBIANA;N/A;1000781409;Andres Bahamón
6000000174;25/09/2026;CEDULA_CIUDADANIA;1067290602;18/12/2012;Galvis;López;Erika;Del Carmen;TECNICO;3104612562;erikagalvis1412@gmail.com;Bogotá;Cll 65 B # 104-21;;NO;NINGUNA;AFROCOLOMBIANA;;50950500;Mercy López
6000000175;15/09/2026;CEDULA_CIUDADANIA;1073249844;20/01/2016;Reyes;Escobar;Ruth;Esther;PROFESIONAL;3114465990;rereyes448@gmail.com;Mosquera;CL 10 # 16A-36;;NO;NINGUNA;ROM;N/A;1010073052;Jhon fredys Pacheco Caicedo
6000000176;17/09/2026;CEDULA_CIUDADANIA;1033756438;10/08/2011;Cajica;Lozano;Angelica;Maria;BACHILLERATO;3115975449;angelwalen@hotmail.com;Bogotá;Cll 74 sur # 78-01;;NO;NINGUNA;COM_NEGRAS;N/A;41759573;Luz Myrian Lozano Morales
6000000177;25/09/2026;CEDULA_CIUDADANIA;1092528942;13/02/2024;Reales;Niño;Esteban;David;TECNICO;3116883076;estebancomtreras09@gmail.com;Bogotá;Carrera 17A #122-85;;NO;NINGUNA;;N/A;1032505996;Stephang Tuqoe
6000000186;25/09/2026;CEDULA_CIUDADANIA;1030557828;22/06/2007;Gonzalez;Gómez;Nelsi;Edith;TECNICO;3212538473;nelsi.gonzalez@hotmailgreg.com;Bogotá;Carrera 82 d#40 d 37 SUR;;NO;NINGUNA;PALENQUEROS;N/A;1030584717;Daisy Carolina Aquilla
6000000187;25/09/2026;CEDULA_CIUDADANIA;2538429;10/02/1970;Moreno;Vargas;Luis;Maria;PRIMARIA;3115401830;acarreosa@hotmail.com;Tolemaida;Cra 4-50 sur-306;;NO;NINGUNA;COM_NEGRAS;Ninguna;1020530120;Amalia Ruiz
6000000188;25/09/2026;CEDULA_CIUDADANIA;52071592;30/02/1972;Divia;Luz;Aristizabal;Taborda;BACHILLERATO;3202715283;divialuz@gmail.co;Bogotá;calle 80 # 90-56;3202715283;NO;NINGUNA;INDIGENA;N/A;79860111;Jairo Salazar
6000000189;25/09/2020;CEDULA_CIUDADANIA;79387879;03/02/1982;Espinoza;Castañeda;Alirio;;TECNICO;321485756;alirio.espinoza@gmail.com;Bogotá;Cll 12 A #71 C 20;;SI;NINGUNA;RAIZALES;N/A;79387879;Aliric Espinose Castañade
6000000190;25/08/2026;CEDULA_CIUDADANIA;53096879;12/07/2002;Rodriguez;Plaza;Sandra;Patricia;PROFESIONAL;3143993529;sandra.rodriguez@thomasgrop.com;Bogotá;Cra 69 d 1-40 Sur;;NO;NINGUNA;ROM;;5310087811;Liliana Rodriguez
6000000191;25/09/2026;CEDULA_CIUDADANIA;1070916010;04/02/2004;Roiz;Acuña;Jhon;Rodrigo;TECNICO;3133764605;jh201985@hotmail.com;Mosquera;canela 125 # 9 a .33;;NO;NINGUNA;INDIGENA;;52984779;Yody Hernandez Lucan
6000000192;05/08/2026;CEDULA_CIUDADANIA;1016015689;07/03/2007;Suarez;Rodriguez;Jenny;Emilse;TECNICO;3212704143;jennysuarez2014@gmail.com;Bogotá;Cl 70 b #105 A-20;;NO;NINGUNA;ROM;;19193237;Angel Suarez
6000000193;23/09/2026;CEDULA_CIUDADANIA;1072188042;09/04/2005;Rodriguez;Vela;Omar;Andres;TECNICO;3184562870;omara.rodriguez@thomasgreg.com;Bogotá;CALLE 69P # 70-60;3997011;NO;NINGUNA;COM_NEGRAS;;1141128103;SUSANA TORRES
6000000194;25/09/2020;CEDULA_CIUDADANIA;33070281;24/06/2004;Rojas;Torres;Anye;Paola;PROFESIONAL;3022759018;paola6313@hotmail.com;Bogotá;Cl 54 A Sur 77 A-23;;;;AFROCOLOMBIANA;;1139588324;Milena Gonzalez
6000000195;24/09/2026;CEDULA_CIUDADANIA;53892795;22/06/2002;Rojas;Briceño;Yeiny;Yorany;TECNICO;3223526875;ryurany53@gmail.com;Gachanapa;cra 27 No 1-c 22;3553020;;NINGUNA;RAIZALES;;59916641;Juan Medina
6000000196;22/09/2026;CEDULA_CIUDADANIA;79567456;08/01/1991;Cáceres;Rodriguez;Vicente;;TECNICO;3124552048;vicente.caceres@thomasgreg.com;Bogotá;Calle 86 Bis # 95-25;3047167;NO;NINGUNA;INDIGENA;;1022947015;Juan Pablo Marin
6000000198;21/08/2026;CEDULA_CIUDADANIA;1019131935;27/07/2015;Lozano;Castañeda;Daniela;Yisel;TECNICO;3024902812;dyle1997@gmail.com;Bogotá;Calle 151 # 115-75 Suba;;NO;VISUAL;INDIGENA;;1002482328;disbeth carvajal
6000000199;08/09/2026;CEDULA_CIUDADANIA;1012390395;28/09/2010;Montañez;Molo;Luis;Alejandro;PROFESIONAL;3104774287;alejo0921@hotmail.com;Bogotá;Calle 34 # 38-20;;SI;NINGUNA;ROM;N/A;52328460;Luisa Poveda
6000000200;25/09/2026;CEDULA_CIUDADANIA;1030536542;06/05/2005;Vargas;Mahe;Jenny;Alexandra;PROFESIONAL;3152719745;jervuama@hotmail.com;Bogotá;Tv 72 # 48-22 Sur;;NO;FISICA;ROM;;1026825314;Martha de Castro
6000000201;24/09/2026;CEDULA_CIUDADANIA;1024506035;15/07/2008;Pata;Mosos;Mayra;Fernanda;PROFESIONAL;3182751324;mayferpata@gmail.com;Bogotá;CALLE 62B SUR 74-92;;NO;NINGUNA;RAIZALES;;1026389152;Juliana Perez
6000000202;17/09/2026;CEDULA_CIUDADANIA;1013641968;23/11/2017;Chacon;Rojas;Laura;Nataly;TECNICO;3193093580;chaconlaura364@gmail.com;Bogotá;Carrera 24B #18-14;;NO;;INDIGENA;;1016015689;Jenny Sooret
6000000203;18/09/2026;CEDULA_CIUDADANIA;1069744822;04/10/2011;Duarte;Beltran;Juan;Daniel;PROFESIONAL;3208920556;jb.juan.daniel.duarte@hotmail.com;Bogotá;Calle 4 # 26-16;;;;;N/A;1013607048;Claudia Lagos
6000000204;20/09/2026;CEDULA_CIUDADANIA;1018468195;23/07/2012;Alzate;Montoya;Cindy;Manuela;TECNICO;3142927561;cndalzate@gmail.com;Bogotá;Cra 66 # 56-03 Sur;;NO;NINGUNA;AFROCOLOMBIANA;Ninguna;1013607048;Claudia Lopez
6000000205;25/09/2026;CEDULA_CIUDADANIA;1014304679;07/04/2017;Giraldo;Agudelo;Maria;Isabel;PROFESIONAL;3123068845;isabelgiraldo06@conook.com;Bogotá;Cra 82 NO 69A-20;;NO;NINGUNA;;Ninguna;1024486250;Angel Ortega
6000000206;25/09/2026;CEDULA_CIUDADANIA;1121900618;10/06/2011;Tuño E;Cameos;Erika;Ileana;PROFESIONAL;3124738940;erik.smith02@hotmail.com;Bogotá;CR 16 19 No 71B-40 SUR;;NO;NINGUNA;ROM;Ninguna;1125320140;JUAN ACOSTA
6000000207;25/09/2026;CEDULA_CIUDADANIA;1024575423;04/09/2012;Fernandez;Perez;Jairo;Andres;;3232108786;er450#90-40sun;Bogotá;JAIROANDRES@GMAIL.COM;;SI;VISUAL;INDIGENA;;39653796;ISNOR PEÑO
6000000208;25/09/2026;CEDULA_CIUDADANIA;1016040397;25/03/1991;Perez;Jimenez;John;Edward;PROFESIONAL;3132616983;johnepj@hotmail.com;Bogotá;Cra 99B #75-59;4316070;NO;FISICA;COM_NEGRAS;;7024486250;Amcel Arteca
6000000209;18/08/2026;CEDULA_CIUDADANIA;80072249;23/06/2000;Leal;Rangel;Yeison;Dario;PROFESIONAL;3132639250;yeison.leal@thomasgros.com;Bogotá;Cra 93 D No 68-60;2520012;SI;AUDITIVA;AFROCOLOMBIANA;;7024486259;Angel Ortega Belle
6000000210;25/09/2026;CEDULA_CIUDADANIA;79297015;28/05/1986;Barmucloz;Sarmiento;Luis;Alberto;PROFESIONAL;3176408457;lualbers@hotmail.com;Bogotá;Calle 6 # 38-55;;NO;NINGUNA;RAIZALES;;7024486250;Almber Ortega
6000000211;15/09/2026;CEDULA_CIUDADANIA;52440090;20/08/1996;Pomar;Caballero;Diana;Patricia;PROFESIONAL;3002010514;dianapomar@outlook.com;Bogotá;Carrera 44C #22-72 Apto 503;;NO;NINGUNA;RAIZALES;N/A;19054733;Fabio Pomar
6000000212;25/09/2026;CEDULA_CIUDADANIA;1010180608;25/01/2007;Castillo;Pedroza;Juan;Manuel;PROFESIONAL;3063796937;juancastillo-88@hotmail.com;Bogotá;Cra 29 17 12-26 Sur;;NO;NINGUNA;;N/A;31383313;Luz Pedroza
6000000213;13/09/2026;CEDULA_CIUDADANIA;1030545935;16/05/2024;Tulcañ;Soler;Karen;Lizeth;PROFESIONAL;3124212110;solerlizeth93@gmail.com;Bogotá;Calle 69 a Sur # 104-18;;SI;AUDITIVA;ROM;;1121961449;Andrea Soler
6000000214;25/09/2026;CEDULA_CIUDADANIA;1070977279;09/06/2014;Santos;Jerez;Angie;Paola;PROFESIONAL;3103222221;angiesantos050513@gmail.com;Madrid;carrera 24 #1-193 Sur;;NO;NINGUNA;RAIZALES;;1053333050;Yeimer Pinilla
6000000215;20/09/2026;CEDULA_CIUDADANIA;1108120092;27/04/2022;Miranda;Carmona;Angie;Daniela;BACHILLERATO;3204594582;angiedmc4@gmail.com;Bogotá;Cra 111c #81-30;;SI;NINGUNA;;No aplica;28985392;Luz Mary Carmona
6000000216;15/09/2026;CEDULA_CIUDADANIA;79895349;28/04/1996;Sierra;Solizano;Henry;;TECNICO;3134009011;sandra.kara@gmail.com;Bogotá;Carrera 68 c 38 c-10 sur;;NO;NINGUNA;;N/A;41651606;Elvia Huila Rodriguez
6000000217;03/09/2026;CEDULA_CIUDADANIA;1030538494;25/07/2023;Caicedo;Albaracin;Sara;Sofia;PROFESIONAL;;milenalbaracin687@gmail.com;Bogotá;Calle 59C #88h-15 Torre 2;4510259;NO;NINGUNA;COM_NEGRAS;;79938864;luis pico
6000000218;10/09/2026;CEDULA_CIUDADANIA;52311940;31/10/1994;Caicedo;Rodriguez;Sandra;Patricia;PROFESIONAL;3175140855;ankoleja2006@hotmail.com;Bogotá;Tranv 65 N 59-21;;NO;NINGUNA;;Dinana;41651606;Elvia Hania Rodriguez
6000000219;03/09/2026;CEDULA_CIUDADANIA;52974838;09/08/2001;Altamiran;Alvarez;Martha;Milena;PROFESIONAL;3227624956;martham.alvarez96@gmail.com;Bogotá;Cra 80 # 47B-41 Sur;;NO;NINGUNA;INDIGENA;;79938864;luis rico
6000000220;08/08/2026;CEDULA_CIUDADANIA;1053333050;12/09/2007;Pinilla;Antonio;Yeimer;Arley;PROFESIONAL;3222693037;yeipinilla89@gmail.com;Madrid;carrera 24 # 1-193;;NO;NINGUNA;AFROCOLOMBIANA;;1070997279;Angie Santos
6000000221;14/09/2026;CEDULA_CIUDADANIA;1022376717;28/07/2010;Moreno;Figueroa;Rafael;Eduardo;PROFESIONAL;3102664971;sonrafa-10@hotmail.com;Bogotá D.C.;Carrera 53 B Bis #48-10;6017489672;NO;FISICA;AFROCOLOMBIANA;;1022385287;Yahir Camilo Moreno Figueroa
6000000222;24/09/2026;CEDULA_CIUDADANIA;1001310612;21/06/2021;Rojas;Ortiz;Paula;Alejandra;PROFESIONAL;3113340196;paulaalcrojas8@gmail.com;Bogotá;Cra 7b #135-52;;NO;PSICOSOCIAL;ROM;;52558249;Gloria Ortiz
6000000223;10/08/2026;CEDULA_CIUDADANIA;82736393;27/03/2001;Muñoz;Gonzalez;Dibardo;Andrés;PROFESIONAL;3017135086;andresone9@hotmail.com;Bogotá;Cr 10-15-05;;NO;NINGUNA;AFROCOLOMBIANA;;80795258;Oscar Muñoz
6000000224;25/09/2026;CEDULA_CIUDADANIA;52855519;20/02/1999;Cárdenas;Oliveros;Nancy;Tatiana;PROFESIONAL;3108099281;tacardc@gmail.com;Bogotá;Cra 49 B # 169-80;;NO;NINGUNA;ROM;;1075682649;Lina Pinzón
6000000225;25/09/2026;CEDULA_CIUDADANIA;1075682649;10/04/2015;Pinzón;Caicedo;Gina;Andrea;PROFESIONAL;3002469665;ginaandrepinzon@hotmail.com;Cogua;Vda Casablanca Sector Agua de Fierro;;NO;NINGUNA;AFROCOLOMBIANA;;52855519;Nancy Tatiana Cardenas O
6000000226;13/08/2026;CEDULA_CIUDADANIA;1014274076;03/02/2014;Vargas;Duarte;Daniela;;PROFESIONAL;3212207926;daalvadu@hotmail.com;Bogotá;Carrera 127 No 65a-60;3212207926;NO;NINGUNA;;No aplica;1001310612;Paula Alejandra Rojas
6000000227;30/08/2026;CEDULA_CIUDADANIA;1023017047;14/10/2014;Pareda;Diaz;Angie;;PROFESIONAL;3202413660;angie.pareda.diaz@gmail.com;Bogotá;Bogotá;3202413660;SI;MULTIPLE;COM_NEGRAS;Ninguna;1010209113;Camilo Beltrán
6000000228;10/09/2026;CEDULA_CIUDADANIA;1030570829;02/04/2008;Pava;Herrera;Paola;Andrea;TECNICO;3015438597;andreitaherrera0@gmail.com;Bogotá;CRA 80 H N 54 A 38 SUR;;SI;AUDITIVA;INDIGENA;;1024486250;Angel
6000000229;25/09/2026;CEDULA_CIUDADANIA;1152361851;01/04/1997;Castillo;Acosta;Angela;Rocío;BACHILLERATO;3112247416;anyelita137@hotmail.com;Bogotá;Cra 33 # 56A-05 sur;7105234;NO;NINGUNA;AFROCOLOMBIANA;;1000860641;Laura Sofia Paezado C
6000000230;25/09/2026;CEDULA_CIUDADANIA;1018441920;24/02/2009;Zea;Zamora;Karen;Andrea;PROFESIONAL;3157946925;annzea93@gmail.com;Bogotá;Diagonal 56 b sur # 82 a 24;;NO;NINGUNA;AFROCOLOMBIANA;;20499462;Rosa Zamora
6000000231;09/08/2026;CEDULA_CIUDADANIA;1090492210;21/10/2013;Meneles;Aparicio;Leidy;Judith;PROFESIONAL;3027540802;leidyaparicio4@gmail.com;Bogotá;KR 73 # 11C-58 Villalsaaga;;NO;NINGUNA;AFROCOLOMBIANA;;60299819;Gladys Cecilia Aparicio Aparicio
6000000232;01/09/2026;CEDULA_CIUDADANIA;1037642217;25/07/2017;Zarate;Buitrago;Juan;David;PROFESIONAL;3232281227;juanutadeo2@gmail.com;Soacha;Calle 30 Sur 9-50;;NO;NINGUNA;AFROCOLOMBIANA;;1072337140;Pilar Peña
6000000233;17/09/2026;CEDULA_CIUDADANIA;52526831;01/04/1997;Lopez;Herrera;Candy;Yasmin;PROFESIONAL;3193971753;cayalobe@gmail.com;Bogotá;Cra 88 # 49-77 sur;3510738;NO;NINGUNA;AFROCOLOMBIANA;;41448089;Carmen Rosa Herrera Herrera
6000000234;25/01/2026;CEDULA_CIUDADANIA;52837040;03/11/1999;Ramirez;Romero;Adriana;Madga Rita;PROFESIONAL;3142366691;adriana.ramirez@thomasgreg.com;Bogotá;CRA 34 # 17-43;;SI;NINGUNA;INDIGENA;;7024486250;Angel Ortega
6000000235;25/09/2026;CEDULA_CIUDADANIA;1033714707;05/10/2007;Nieto;Castro;Kelly;Johanna;PROFESIONAL;3115158740;nckelly16@gmail.com;Bogotá;Kra 114 # 8-69;;NO;NINGUNA;AFROCOLOMBIANA;;83212085;Helman castro
6000000236;22/08/2026;CEDULA_CIUDADANIA;13275097;23/05/2001;Perez;Ramirez;Osvaldo;Orlando;PROFESIONAL;3263007138;ospeperez@gmail.com;Bogotá;Calle 2215 # 710-73;601318475;NO;NINGUNA;AFROCOLOMBIANA;;53006385;LEON RODRIGUEZ SUAREZ
6000000237;25/09/2020;CEDULA_CIUDADANIA;1016110415;31/05/2017;Bohorquez;Veiazquez;Jefferson;Stick;PROFESIONAL;3026762200;stickbohorquez@hotmail.com;Bogotá;CALLE 12 A # 71 C;;NO;NINGUNA;AFROCOLOMBIANA;;20715174;MARIA EMICCE VELASQUEZ
6000000238;22/08/2026;CEDULA_CIUDADANIA;1022979972;16/09/2010;Motta;Tovar;Cristhian;David;PROFESIONAL;3143455139;cristhian.motta@thomasgicg.com;Bogotá;Tv 3c #76-39 sur;;SI;VISUAL;INDIGENA;;20384450;Pastora Lopez
6000000239;25/09/2026;CEDULA_CIUDADANIA;1073775709;08/07/1998;Varela;Rodriguez;Marlon;Denis;PRIMARIA;3142866691;marlon234@gmail.com;;;;NO;NINGUNA;INDIGENA;;39671784;Edelmira Rodriguez
6000000240;19/08/2026;CEDULA_CIUDADANIA;9758318;20/12/1999;Torres;Zueto;Eduard;Rafaec;PROFESIONAL;3117350573;eduard.torres10@gmail.com;Bogotá;CLLA 747 A #142-30;5637693;NO;NINGUNA;AFROCOLOMBIANA;;1019060694;ANA GUERRA BOTERO
6000000241;15/08/2026;CEDULA_CIUDADANIA;1070959750;06/08/2007;Sanabria;Ruiz;Elkin;Serahin;PROFESIONAL;333664140;elkinza@hotmail.com;Bogotá;Cll 81 Bis Sur # 50-20;;SI;VISUAL;AFROCOLOMBIANA;;7024486230;Angel Ortega Beil0
6000000242;16/09/2026;CEDULA_CIUDADANIA;74189339;04/02/2000;Salamancs;Gómez;Juan C;Carlos;TECNICO;3142366697;juzank@gmail.com;Bogotá;calle 184 #20-50 int 2 Apto 102;;NO;NINGUNA;AFROCOLOMBIANA;;24117615;Cecilia Gómez
6000000243;21/08/2026;CEDULA_CIUDADANIA;1048461724;20/06/2022;Guzmán;Guerrero;Andres;Nikolas;PROFESIONAL;3502250428;anniko@gmail.com;Bogotá;Calle 63 #67-32;;NO;NINGUNA;RAIZALES;;1071639983;Karinne Mosquera
6000000244;24/09/2026;CEDULA_CIUDADANIA;52392666;08/01/1997;Lizada;Gonzalez;Joz;Yaneth;TECNICO;305905577;anjada2847@gmail.com;Bogotá;Cra 109 #151C-70;;NO;NINGUNA;AFROCOLOMBIANA;;1024486250;Angel Ortega Bella
6000000245;12/08/2020;CEDULA_CIUDADANIA;79171387;22/08/2003;Mora;Alvarado;Jose;Luis;PROFESIONAL;3208911515;josel.mora@thomasgreg.com;Bogotá;Cll 72 b sur # 89 A-01;;NO;NINGUNA;;;1924486259;Angel Ortega
6000000246;25/09/2026;CEDULA_CIUDADANIA;1013103270;13/12/2022;Vaca;Jaramillo;Oscar;Julian;PROFESIONAL;3229729909;oscarvac456@gmail.com;Bogotá;Cl 4 #36-31;;NO;NINGUNA;COM_NEGRAS;;1013607029;Diana Amalla
6000000247;13/08/2026;CEDULA_CIUDADANIA;1031656670;23/08/2023;Pardo;Guerra;David;Fernando;BACHILLERATO;3114146861;davidpague7@gmail.com;Bogotá;Dg 77 b # 119a-73;;NO;NINGUNA;;(N.A.);26175600;Nerly Guerra
6000000248;29/09/2026;CEDULA_CIUDADANIA;1023865824;14/10/2004;Triana;Orjuela;Claudia;Milena;PROFESIONAL;312549844;claudia.triana@gmail.com;Bogotá;Carrera 12 # 19-29 501;;NO;NINGUNA;;;51932605;Martha Bolivar
6000000249;03/08/2026;CEDULA_CIUDADANIA;53100093;20/03/2003;Suarez;Melendez;Maria;Del Carmen;PROFESIONAL;3123387216;casu888@hotmail.com;Bogotá;calle 31 A sur 0-212;;NO;NINGUNA;;N/A;53100093;MARIA DEL CARMEN SUAREZ MELENOEZ
6000000250;25/04/2026;CEDULA_CIUDADANIA;1663904489;29/10/2000;Sanchez;Chacon;Emanuel;;;3227862799;cesanchezc@gmail.com;Bogotá;Cra 9 #29-11;;NO;NINGUNA;;N/A;9507500;Archie Benjan
6000000251;25/09/2026;CEDULA_CIUDADANIA;1012368880;15/09/2008;Castillo;Licona;Ivory;Juliana;TECNICO;;ivoryj.castillov@gmail.com;Soacha;Cll 13 # 30-242;3124867972;NO;NINGUNA;INDIGENA;;52440090;Diana Pomar
6000000252;08/04/2026;CEDULA_CIUDADANIA;1006859782;15/04/2021;Rodriguez;Solorzano;Daniel;Felipe;PROFESIONAL;3225475195;danielbueno236@gmail.com;Bogotá;Diag 42 ( Sur 24-14;;NO;NINGUNA;INDIGENA;;40443257;Sarai Jaiorza
6000000253;25/09/2026;CEDULA_CIUDADANIA;1018462418;04/10/2011;Prieto;Nieto;Angie;Zuleima;PROFESIONAL;3193223692;anzuprin@hotmail.com;Bogotá;Cll 126 A 85 10240;;NO;NINGUNA;;;41703246;María Nieto León
6000000254;25/09/2026;;1023910998;08/10/2009;Ortiz;Patiño;Jinneth;Paola;PROFESIONAL;3112129475;punk2507@hotmail.com;Bogotá;Cll 68A # 45 b 46 SUR;;NO;NINGUNA;;Ninguna;1048846656;Densy Katherine Niño Bernal
6000000255;10/08/2026;CEDULA_CIUDADANIA;1020786711;10/11/2011;Axllanada;Alvarez;Nathalie;Fernanda;TECNICO;3237421901;nataliaavelinada@gmail.com;Bogotá;Cll 02 # 930-38;;SI;NINGUNA;AFROCOLOMBIANA;;80143386;Sair Corral
6000000256;25/09/2026;CEDULA_CIUDADANIA;80186478;06/12/2000;Moreno;Barrera;Alexander;;PROFESIONAL;3105780073;amorenobarrera90@gmail.com;Bogotá;Cll 146 a # 95b-14;;NO;NINGUNA;;Ninguna;64179213;Esperanza Gomez
6000000257;25/09/2026;CEDULA_CIUDADANIA;1000133425;06/09/2021;Gamboa;Romero;David;Disandiev;PROFESIONAL;3058889271;davidgame123@gmail.com;Bogotá;calle 61 sur # 97 b 31;;NO;NINGUNA;INDIGENA;;1013607048;Nobia Pinzon
6000000258;25/09/2026;CEDULA_CIUDADANIA;1031144499;21/02/2011;Barbosa;Rodriguez;Nini;Caterin;PROFESIONAL;3153201914;nini_kathe@hotmail.com;Bogotá;Cra 58 c 129-25;;;;AFROCOLOMBIANA;;1013607048;Victor Cardenas
6000000259;11/08/2026;CEDULA_CIUDADANIA;1030635683;30/01/2012;Calvo;Balancoe;Galia;;PROFESIONAL;3015973199;galia18cb@gmail.com;Bogotá;Cra 91 c # 5A 46 Sur;;SI;NINGUNA;AFROCOLOMBIANA;;1012436863;marlen Goftan
6000000260;25/08/2026;CEDULA_CIUDADANIA;1022996675;09/07/2012;Holano;Rodriguez;Jenny;Diana;TECNICO;3112962383;diana.holano@gmail.com;Bogotá;Cra 190 # 1-97 Sur;;NO;NINGUNA;;Ninguna;1022981715;FREDDY RAMIREZ
6000000261;18/08/2026;CEDULA_CIUDADANIA;53102066;11/09/2003;Cjellar;Gómez;Martha;Liliana;TECNICO;3144541095;malicjgo53102@gmail.com;Soacha;Cra 19 A # 4-93 Sur-Hogares Soacha;;NO;NINGUNA;;Ninguna;1030559588;Sara Nicolle Quiroga
6000000262;23/08/2026;CEDULA_CIUDADANIA;80200898;08/05/1999;Leon;Valencia;Manuel;Ricardo;TECNICO;3114672992;manuchiwi2@yahoo.com.co;Bogotá;AC 19 #2076;;NO;NINGUNA;AFROCOLOMBIANA;;80300651;RONNY MARQUEZ
6000000263;20/08/2026;CEDULA_CIUDADANIA;52321812;20/06/1995;Alfonso;Sanchez;Sandra;Patricia;TECNICO;3176030803;patricia2001sanchez@outlook.com;Bogotá;Diagonal 5h 45-51;;NO;NINGUNA;COM_NEGRAS;;20276459;Ana Sanchez
6000000264;01/09/2026;CEDULA_CIUDADANIA;53055453;05/05/2003;Martinez;Macias;Liliana;;TECNICO;3505916881;lilianammmacias09@gmail.com;Bogotá;KR 100#50B-45 SUR BOSA PORVENIR;;NO;NINGUNA;AFROCOLOMBIANA;NINGUNA;52813826;DIANA MARTINEZ
6000000265;01/09/2026;CEDULA_CIUDADANIA;1015427970;12/12/2009;Gspitia;Rueda;Diego;Fernando;BACHILLERATO;3218062482;diespitia089@gmail.com;Bogotá;Calle 729 N 102-05;;NO;NINGUNA;;Ninguna;57642034;Martha Elena Rueda Rodriguez
6000000266;22/09/2026;CEDULA_CIUDADANIA;52983543;19/12/2002;Trivia;Pintón;Luz;Angela;TECNICO;3222309854;domian84@hotmail.com;Bogotá;Calle 132 bis #137-69;;SI;PSICOSOCIAL;COM_NEGRAS;;1013607648;Claudia loyos
6000000267;01/08/2026;CEDULA_CIUDADANIA;1024486250;16/07/2024;Ortega;Bello;Angel De J;Jesus;TECNICO;3142366694;angelangelbello@gmail.com;Bogotá;Kr 28 # 73-92 Bis Sur;;SI;NINGUNA;INDIGENA;No Aplica;52778755;Edelina Belio Gutierrez
6000000268;13/08/2026;CEDULA_CIUDADANIA;1026308518;21/02/2022;Rodriguez;Hernandez;Ana;Lisbeth;TECNICO;3066043970;beth13.14.09@gmail.com;Soacha;Carrera 38 #13-119;;NO;NINGUNA;AFROCOLOMBIANA;;26766022;Rosa Melano
6000000269;02/08/2026;CEDULA_CIUDADANIA;52497803;27/09/1997;Leguizamon;Gueeza;Ana;Dulver;TECNICO;3156103515;adulver296@gmail.com;Bogotá;SENVIEROS DE FONTIBON;;NO;NINGUNA;RAIZALES;MILLOS;1083899098;Hector Eduardo Hernandez
6000000270;21/08/2026;CEDULA_CIUDADANIA;52971949;15/02/2001;Gómez;Patirez;Sandra;Liliana;TECNICO;3238723917;sandrsgomez2615@yahoo.com;Soacha;Calle 17 30 55;;SI;VISUAL;AFROCOLOMBIANA;Arhuacos;1098670813;Jose Luis Martinez Florez
6000000271;15/08/2026;CEDULA_CIUDADANIA;1013607048;01/07/2007;Lagos;Bolivar;Claudia;Patricia;TECNICO;3126223434;claudia.lagos2505@hotmail.com;Soacha;calle 23 sur 15 i-10;;NO;PSICOSOCIAL;ROM;Cales;51932605;Martha Cecilia Bolivar
6000000272;24/09/2026;CEDULA_CIUDADANIA;22467743;16/11/1996;Moscote;Murgas;Yelitza;Mineile;TECNICO;3046490922;yelitza.moscote60@gmail.com;Bogotá;Cra 87 A 69 A 23;;NO;NINGUNA;AFROCOLOMBIANA;;79203167;Mauricio Lagos
6000000273;17/08/2026;CEDULA_CIUDADANIA;52876416;20/02/2001;Mendoza;;Luisa;Fernanda;BACHILLERATO;3023684562;luisafernandamendoz9062@gmail.com;Bogotá;CRA 110 BIS #63-75;;NO;NINGUNA;;Ninguna;51827891;LILIA CAROLINA MENDEZ
6000000274;15/09/2026;CEDULA_CIUDADANIA;26726416;27/01/2023;Martinez;Otalora;Yanides;Maria;BACHILLERATO;3143054882;yanidesmartinez@gmail.com;Bogotá;Kra 82 a # 13 F 10;;SI;NINGUNA;AFROCOLOMBIANA;;1019987619;Valery Martinez
6000000275;28/08/2026;CEDULA_CIUDADANIA;52871788;20/09/1999;Bustos;Méndez;Sandra;Milena;TECNICO;3114943180;sandyb881@hotmail.com;Bogotá;Calle 57 B # 71 D 94 Sur;;NO;NINGUNA;;;51647759;Flor Mendoza
6000000276;24/09/2026;CEDULA_CIUDADANIA;52538879;05/12/1997;Arveloez;Figueroa;Fanny;;BACHILLERATO;3132246142;fannyarveloezfigeroa@gmail.com;Bogotá;Calle 4 Sur # 3-27 Este;;SI;VISUAL;PALENQUEROS;No tiene;41387231;Mery Azucena Garcia
6000000277;24/09/2026;CEDULA_CIUDADANIA;1001342798;11/12/2018;Vasquez;Sepulveda;Ailyn;Dayan;PROFESIONAL;;ailyanvasquez7@gmail.com;Bogotá;carrera 77 m # 48-78 Sur;;NO;NINGUNA;AFROCOLOMBIANA;;52879081;Yazmin Paola Vasquez Sepulveda
6000000278;24/09/2026;CEDULA_CIUDADANIA;1023892024;17/01/2008;Cespedes;Caro;Ingrid;Gazmin;TECNICO;3194097764;iycespedesc@gmail.com;Bogotá;Cra 2 Este # 47 A 17 Sur;;SI;NINGUNA;COM_NEGRAS;;51666905;María Isabel Caro
6000000279;24/08/2026;CEDULA_CIUDADANIA;1151948324;18/03/2011;Balanta;Bermudez;Clara;Yimcooi;TECNICO;3142662898;ximena_1493@hotmail.com;Bogotá;Calle 48 B # 82D-02;6349915;NO;VISUAL;AFROCOLOMBIANA;Cualquiera;51818324;Luz Dary Bermudez
6000000280;22/08/2026;CEDULA_CIUDADANIA;1032413793;23/06/2006;Rodriguez;Piragata;Sandra;Viviana;TECNICO;3163200645;vivis-0623@hotmail.com;Soacha;Cll 10 A # 19 656 709 AP-104;8211339;NO;NINGUNA;AFROCOLOMBIANA;CUALQUIERA;41508694;BARBARA PURAGATA
6000000281;24/09/2026;CEDULA_CIUDADANIA;1031803554;10/04/2023;Ortiz;Ramirez;Isaac;;TECNICO;3197529593;isaacortiz213@gmail.com;Bogotá;Carrera 103-B #152-C Bloque3-202;;NO;NINGUNA;;N/A;1000602743;Brayan David
6000000282;24/09/2026;CEDULA_CIUDADANIA;1001298534;29/07/2020;Polanco;Lobaton;Jhon;Alexander;PROFESIONAL;3223186655;alexpolanco873@gmail.com;Bogotá;calle 37 a sur #4-22 este;;NO;NINGUNA;COM_NEGRAS;;530071920;David Cuet
6000000283;24/09/2026;CEDULA_CIUDADANIA;1014478796;30/06/2023;Prias;Lópel;Daniela;Esmeralda;TECNICO;;danielaesmeralda72@gmail.com;Bogotá;Cll 86 # 95-23;;NO;NINGUNA;ROM;;1122506233;Felipe Martinez
6000000284;01/08/2026;CEDULA_CIUDADANIA;1022446582;15/09/2017;Castro;Mercado;Daniel;Alexander;TECNICO;3157242748;daniel0726@gmail.com;Soacha;Kra 46 bis # 66-51;;NO;NINGUNA;AFROCOLOMBIANA;Afrocolombianos;1024486250;Angel Ortega
6000000285;15/09/2026;CEDULA_CIUDADANIA;79203167;15/07/1974;Layas;Barbosa;Mauricio;;PRIMARIA;3147292263;lago-barbosa@hotmail.com;Bogotá;Calle 23 Sur 15E-10;;NO;VISUAL;ROM;;49164666;Graciela Bolivar
6000000286;07/08/2026;CEDULA_CIUDADANIA;1072193922;09/02/2012;Jelmy;Andrea;Pena;Lopez;PROFESIONAL;;pilita-azooq@hotmail.com;Soacha;Cllc 45 D N 23 A 29;;SI;NINGUNA;;No aplica;20384450;Pastora Lopez
6000000287;15/08/2026;CEDULA_CIUDADANIA;1233493190;15/01/2016;Bolivar;Villamil;Brayan;Denise;TECNICO;3213642986;brayangomel-16@outlook.com;Bogotá D.C.;Calle 73 A Bis Sur # 87-32;;NO;NINGUNA;COM_NEGRAS;Ninguna;3739912;Brauan Jose Anculo Peña
6000000288;14/08/2026;CEDULA_CIUDADANIA;39654126;26/01/1989;Poveda;Moreno;Martha;Judith;BACHILLERATO;3132544043;marjudith70@hotmail.com;Bogotá;Kra 75 58 B sur 23;;NO;NINGUNA;ROM;Ninguna;1013607048;Claudia lagos
6000000289;21/09/2026;CEDULA_CIUDADANIA;1023008147;29/10/2013;Murillo;Aria;Tatiana;Vanessa;TECNICO;3197174838;tatianamurillo@gmail.com;Bogotá;Cra 68 este 91-89 Sur;;NO;NINGUNA;COM_NEGRAS;Guayú;1026308518;Ana Rodriguez
6000000290;07/09/2026;CEDULA_CIUDADANIA;1072193922;09/02/2012;Diaz;Jimenez;Jemy;Catherine;BACHILLERATO;3012614614;hellowkatty12@gmail.com;Sibate;Cra 3 #8-44 la inmaculada;8997413;NO;NINGUNA;AFROCOLOMBIANA;Afrocolombiana;51995678;Dinora Jimenez Suescún
6000000291;08/08/2026;CEDULA_CIUDADANIA;1024553507;06/07/2012;Montoya;Vargas;Angie;Paola;TECNICO;3204475471;angiepaolamv23@gmail.com;Soacho;Av 19 34c 25;;NO;NINGUNA;RAIZALES;;52052909;Maria Emma Vargas
6000000292;24/09/2026;CEDULA_CIUDADANIA;52832721;18/09/1999;Boebon;Garzon;Carol;Brigithe;BACHILLERATO;3115197674;cborbon1@gmail.com;Bogotá;Cll 73 A Sur # 20 B 65;;NO;NINGUNA;;;52832721;Carlos Burbano
6000000293;25/09/2026;CEDULA_CIUDADANIA;1105687843;07/09/2013;Alape;Gil;Yisel;Karina;TECNICO;3124593602;karinagil1807@gmail.com;Bogotá;Cra 81c 54 A-08 802;;;NINGUNA;COM_NEGRAS;;1105673037;Juan Manuel Canojal Padilla
6000000294;25/09/2026;CEDULA_CIUDADANIA;1023302925;23/06/2023;Restrepo;Télez;Valentina;;TECNICO;3143460691;resterotelevalentina@gmail.com;;Cll 52 Sur # 99-72;;NO;NINGUNA;INDIGENA;Ninguna;52890418;Esperanza Tellez
6000000295;15/09/2026;CEDULA_CIUDADANIA;1023948447;23/12/2014;Marin;Salinas;Nicoll;;PROFESIONAL;3025492354;nicoll12_marin@hotmail.com;Bogotá;calle 19 # 28-08;;NO;NINGUNA;INDIGENA;wayúu;1023920703;Felipe Florez
6000000296;24/09/2026;CEDULA_CIUDADANIA;1000003096;17/02/2020;Hernandez;Costo;Sharan;Yuriza;TECNICO;3125203484;hersharon01@gmail.com;Bogotá;Cll 70 B Sur # 180 13;;;NINGUNA;AFROCOLOMBIANA;;1000003096;Sharon Hernandez
6000000297;24/09/2026;CEDULA_CIUDADANIA;52850500;11/08/1998;Casallas;Aponte;Andrea;Mayerly;PROFESIONAL;3134956002;mayt25@gmail.com;Bogotá;Cll 48 sur # 87-06;;NO;AUDITIVA;INDIGENA;;52850500;Andrea Caallay
6000000298;01/08/2026;CEDULA_CIUDADANIA;52849194;10/06/1999;Gómez;;María;Jazmín;TECNICO;3143367566;majazz5118@hotmail.com;Bogotá;CRA N 8 E # 52-26 SUR;3632810;NO;NINGUNA;RAIZALES;Gales;1103738388;Aura Ortega
6000000299;02/09/2026;CEDULA_CIUDADANIA;1010761054;07/02/2023;Cortes;Bashdas;Saray;;TECNICO;3125454134;cortessaray515@gmail.com;Bogotá;Cra 97C #72-51 Sur;;NO;NINGUNA;;N/A;1005853354;Vanessa Martinez
6000000300;14/09/2026;CEDULA_CIUDADANIA;1005853354;08/04/2021;Martinez;Prieto;Cony;Vanessa;TECNICO;3197763683;vanessamartinezprieto22@gmail.com;Bogotá;CR 79 c #56 g 42 50 r;;NO;NINGUNA;ROM;;1010761054;Saray Cortes
6000000301;14/09/2026;CEDULA_CIUDADANIA;1021665996;03/11/2022;Gonzalez;Marcho;Andres;Santiago;;3243691610;tutogonzalez1317@gmail.com;Bogotá;calle 12 c # 71 c-30;;NO;NINGUNA;;;1001328111;Harrison Peña
6000000304;18/08/2026;CEDULA_CIUDADANIA;1033724580;05/08/2008;Lopez;Rodriguez;Leidy;Yamile;TECNICO;3209829678;yamile.lopez.tecn@gmail.com;Bogotá;Cll 71 Sur # 23 A 19;;;NINGUNA;;;1056504409;JIMMY ALEXANDER GUTIERREZ BUITRAGO
6000000305;21/09/2026;CEDULA_CIUDADANIA;1032431316;14/08/2007;Hernandez;Puentes;Maria;Fernanda;TECNICO;3023201220;mhenandezpuentes7@gmail.com;Bogotá;Avenida calle 61 sur # 20 B 60;;NO;NINGUNA;;;51790895;Maria Janeth Puentes Galindo
6000000306;21/09/2026;CEDULA_CIUDADANIA;65799192;25/03/1996;Ortiz;Rojas;Gloria;Edith;TECNICO;3006210819;eddy.23y@hotmail.com;Bogotá;C 5C N 48E-06 Bochica;;NO;NINGUNA;INDIGENA;N/A;28891194;Luz Stella Rojas Arce
6000000307;06/09/2026;CEDULA_CIUDADANIA;1012362391;03/03/2018;Acosta;Echeverry;Sara;Joneth;TECNICO;3124245321;jsarita.17@hotmail.com;Bogotá;Dg 49 a 50v # 53-51;;NO;NINGUNA;INDIGENA;;1031127515;Juan David Castañeda Soriano
6000000308;17/08/2026;CEDULA_CIUDADANIA;1015412476;20/07/2007;Ortegazo;Santos;Andrea;Del Pilar;TECNICO;3442205559;andreso69begazo@gmail.com;Bogotá;Cll 7 # 87 B 70;;NO;NINGUNA;INDIGENA;;41577023;Maria Hedy Santos
6000000309;10/09/2026;CEDULA_CIUDADANIA;1030581617;04/11/2008;Moreno;Jimenez;Jenny;Fernando;TECNICO;3104554150;;Bogotá;Cll 38 C#87 C-21 Sur;;NO;NINGUNA;;N/A;1010194522;Leidy Alexandra Rodriguez R
6000000310;25/09/2026;CEDULA_CIUDADANIA;1026158414;19/11/2015;Ramirez;Rodriguez;Manana;;PROFESIONAL;3004184813;manramir2rod@unal.edu.co;Bogotá;;;NO;NINGUNA;INDIGENA;N/A;10183584;Arbay Dario Ramirez Delgado
6000000311;07/08/2026;CEDULA_CIUDADANIA;1013439024;08/01/2015;Sanchez;Aragon;Diana;;BACHILLERATO;3209466967;;Bogotá;Bosa Escusia;;;NINGUNA;;Ninguna;38229347;Alba Diaz
6000000312;15/08/2026;CEDULA_CIUDADANIA;53130628;04/03/2004;Garzon;Beltran;Lizbet Johanna;Johanna;TECNICO;3165188862;johajuvi@hotmail.com;Bogotá;Kra 22 B #4-34 Sur;;NO;NINGUNA;;;12121374;Julio Gonzalez Medina
6000000313;15/09/2026;CEDULA_CIUDADANIA;79940975;13/02/1995;Torres;Campos;Halbert;Fernando;TECNICO;3227654873;fortorres1005@hotmail.com;Bogotá;Calle 161 B 8 H 06;;NO;NINGUNA;;;19158881;Carlos Alberto Pabon Mahecha
6000000314;07/09/2026;CEDULA_CIUDADANIA;1012326668;22/11/2022;Caron;Ruiz;David;Santiago;BACHILLERATO;3212616060;santidexpro1@gmail.com;Bogotá;Kra 23 B # 46 A 24 Sur-Barrio Juan Pablo I;;NO;NINGUNA;;N/A;79940975;Fernando Torres Campos
6000000315;10/09/2026;CEDULA_CIUDADANIA;1012424148;20/08/2013;Lemus;Caravalí;Karen;Daniela;;3202490635;kadaleca1717@hotmail.com;Bogotá;Cll 59 Bis Sur #78C-19;;;NINGUNA;ROM;;39695358;Glora Maria Lemus
6000000316;24/09/2026;CEDULA_CIUDADANIA;1031651350;14/01/2025;Moreno;Litalda;Nicolle;;TECNICO;3195346734;nmoren1937@gmail.com;Bogotá;DIAG 151 B #136 A-75;;NO;NINGUNA;;N/A;1030546422;LEON DAVID
6000000317;08/08/2026;CEDULA_CIUDADANIA;52761142;08/04/2002;Voegas;Sanchez;Yud;Carolina;TECNICO;3193708190;NO TENGO;Bogotá;Cll 58 9 78-14;;NO;NINGUNA;;N/A;1013607048;CLAUDIA LAGOS
6000000318;07/09/2026;CEDULA_CIUDADANIA;1019011657;30/01/2005;Gueño;Moreno;Geidi;Viviana;BACHILLERATO;3208843533;vi_viviana40@gmail.com;Bogotá;CALLE 127 0 # 41-91;;SI;NINGUNA;AFROCOLOMBIANA;NINGUNA;80814610;RONALIO PEORAZA
